,asin,title,Category,PageNum,Language
B000F83SZQ,B000F83SZQ,A Matter of Policy [An Amy Brewster Mystery],Thrillers & Suspense,143,English
B000FA64PA,B000FA64PA,Saboteur: Star Wars Legends (Darth Maul) (Short Story) (Star Wars: Darth Maul Book 1),Science Fiction & Fantasy,96,English
B000FA64PK,B000FA64PK,Recovery: Star Wars Legends (The New Jedi Order) (Short Story) (Star Wars: The New Jedi Order),Science Fiction & Fantasy,96,English
B000FA64QO,B000FA64QO,Ylesia: Star Wars Legends (The New Jedi Order) (Star Wars: The New Jedi Order),Science Fiction & Fantasy,105,English
B000FBFMVG,B000FBFMVG,A Forest Apart: Star Wars Legends (Short Story) (Star Wars - Legends),Science Fiction & Fantasy,82,English
B000FC1BN8,B000FC1BN8,Fool's Bargain: Star Wars Legends (Novella) (Star Wars - Legends),Science Fiction & Fantasy,305,English
B000FC1TG2,B000FC1TG2,The Iron Marshal,Literature & Fiction,256,English
B000FC2MB8,B000FC2MB8,Brionne: A Novel,Literature & Fiction,160,English
B000FDJ0FS,B000FDJ0FS,The Wall Street Journal,U.S.,0,English
B000GFK7L6,B000GFK7L6,The New York Times - Daily Edition for Kindle,U.S.,0,English
B000HA4FKY,B000HA4FKY,The Boston Globe,U.S.,0,English
B000HC48T0,B000HC48T0,The Washington Post for Kindle (Ad-Free),U.S.,0,English
B000JMKNQ0,B000JMKNQ0,Boba Fett: A Practical Man: Star Wars Legends (Short Story) (Star Wars - Legends),Science Fiction & Fantasy,104,English
B000JMKX4W,B000JMKX4W,Diary of a Nobody,Literature & Fiction,140,English
B000JMKXYW,B000JMKXYW,Captain Stormfield's Visit to Heaven,Literature & Fiction,80,English
B000JML1QG,B000JML1QG,Grimm's Fairy Stories,Children's eBooks,144,English
B000JML2H4,B000JML2H4,Little Folded HandsPrayers for Children,Literature & Fiction,18,English
B000JML5JY,B000JML5JY,Over There War Scenes on the Western Front,History & Criticism,152,English
B000JMLBHU,B000JMLBHU,The Mysterious Island,Science Fiction & Fantasy,516,English
B000JMLG4S,B000JMLG4S,"Knots, Splices and Rope Work A Practical Treatise",Literature & Fiction,47,English
B000JMLHFG,B000JMLHFG,Secret Societies,Professionals & Academics,64,English
B000JMLHYC,B000JMLHYC,The English Orphans,Literature & Fiction,290,English
B000JMLLOI,B000JMLLOI,Baltimore Catechism No. 1 (of 4),Literature & Fiction,106,English
B000JQU8GQ,B000JQU8GQ,Morning Star,World Literature,266,English
B000JQURFI,B000JQURFI,History of the Ottawa and Chippewa Indians of Michigan,Literature & Fiction,132,English
B000JQUSBQ,B000JQUSBQ,Indian Fairy Tales,Humor,184,English
B000JQUT8S,B000JQUT8S,Oliver Twist,Literature & Fiction,268,English
B000JQUTGK,B000JQUTGK,"The Lincoln Story Book A Judicious Collection of the Best Stories and Anecdotes of the Great President, Many Appearing Here for the First Time in Book Form",Action & Adventure,246,English
B000JQUU00,B000JQUU00,English Fairy Tales,History & Criticism,128,English
B000JQUXBQ,B000JQUXBQ,The Diary of a U-boat CommanderWith an Introduction and Explanatory Notes by Etienne,Literature & Fiction,128,English
B000MAH6G4,B000MAH6G4,Hawke: The Law of a Fast Gun,Literature & Fiction,240,English
B000MAH73Q,B000MAH73Q,Falling in Love Again (Avon Romantic Treasure),Romance,384,English
B000MV9B66,B000MV9B66,Austin American-Statesman,U.S.,0,English
B000N8V3EQ,B000N8V3EQ,Analog Science Fiction and Fact,Science Fiction,0,English
B000N8V3FA,B000N8V3FA,Ellery Queen's Mystery Magazine,Mystery,0,English
B000N8V468,B000N8V468,The International New York Times,U.S.,0,English
B000NY11RY,B000NY11RY,"Tempt Me, Taste Me, Touch Me",Literature & Fiction,306,English
B000OI0FGC,B000OI0FGC,Alex Kava Bundle: Split Second\One False Move\A Necessary Evil\The Soul Catcher\At The Stroke Of Madness\A Perfect Evil,Thrillers & Suspense,2054,English
B000PATZGK,B000PATZGK,The Nation,Ideas & Commentary,0,English
B000PDZG6K,B000PDZG6K,Tallchief,Literature & Fiction,356,English
B000PIT0RG,B000PIT0RG,Reader's Digest,Literary Magazines & Journals,0,English
B000Q6Z64S,B000Q6Z64S,The New York Times - Latest News,"News, Politics & Opinion",0,
B000Q9J0CO,B000Q9J0CO,Caught off Guard [Heroes of Silver Springs 1] (Siren Publishing Classic),Erotica,126,English
B000Q9J0CY,B000Q9J0CY,Arabian Pearl [Brothers of the Absinthe Club 1] (Siren Publishing Classic),Literature & Fiction,264,English
B000QCS8YM,B000QCS8YM,Sherlock Holmes: The Complete Novels and Stories: Volumes I and II: 1,Literature & Fiction,1088,English
B000QFOD8E,B000QFOD8E,Amazon Daily,Arts & Entertainment,0,
B000QUCOB2,B000QUCOB2,Stealing Sophie (Avon Historical Romance),Historical,388,English
B000R3NNAE,B000R3NNAE,Hawke: The King Hill War,Literature & Fiction,274,English
B000R93D4Y,B000R93D4Y,Maiden Flight (Dragon Knights Book 1),Erotica,208,English
B000R93D8U,B000R93D8U,Snowy Night Seduction,Erotica,55,English
B000R93DPS,B000R93DPS,Stripped Bare (Jokers Wild),Literature & Fiction,226,English
B000R93DW6,B000R93DW6,On the Edge (The Devlin Group Book 2),Romance,140,English
B000R93E3E,B000R93E3E,Two Sighted,Romance,115,English
B000SEGE3K,B000SEGE3K,Sky Hunters: Anarchy's Reign,Literature & Fiction,291,English
B000SN6IOQ,B000SN6IOQ,Allan Quatermain,Literature & Fiction,240,English
B000SRGF2W,B000SRGF2W,Male Call (Hot Zone),Erotica,73,English
B000SWV6HG,B000SWV6HG,Lori Foster Bundle (The Buckhorn Brothers),Literature & Fiction,689,English
B000TU16PE,B000TU16PE,The Highland Rogues: Warrior Bride,Romance,388,English
B000U0NSV8,B000U0NSV8,An Unladylike Offer (The Radwells Book 2),Romance,304,English
B000UB9NCK,B000UB9NCK,The Stranger,Romance,304,English
B000UH5Z3A,B000UH5Z3A,Desert Rogues part 2,Romance,782,English
B000UHAFGM,B000UHAFGM,Jennifer Crusie Bundle: Getting Rid of Bradley\Strange Bedpersons\What The Lady Wants\Charlie All Night,Romance,782,English
B000UMZMK6,B000UMZMK6,Fantasmagorical (A Midsummer's Night Steam),Erotica,88,English
B000VKVZP8,B000VKVZP8,Second Wind (A Midsummer's Night Steam),Erotica,71,English
B000VKVZQM,B000VKVZQM,Custom Ride (A Midsummer's Night Steam),Literature & Fiction,84,English
B000VXV7K8,B000VXV7K8,Marriage At Circle M (Windover Ranch Book 2),Literature & Fiction,192,English
B000W915JE,B000W915JE,Hawke: Showdown at Dead End Canyon,Literature & Fiction,260,English
B000W93AHO,B000W93AHO,The Italian's Pregnant Mistress (Mistress to a Millionaire),Literature & Fiction,192,English
B000WCWUWM,B000WCWUWM,With Love (With or Without),Literature & Fiction,308,English
B000WCWV30,B000WCWV30,Lady Amelia's Secret Lover (Last Man Standing),Romance,138,English
B000WSFBO0,B000WSFBO0,Wings in the Night Part 1: Twilight Phantasies\Twilight Memories\Twilight Illusions\Beyond Twilight\Born in Twilight\Twilight Vows,Romance,1521,English
B000X1XI32,B000X1XI32,Anticipation,Literature & Fiction,84,English
B000XZKZKM,B000XZKZKM,Branded (Leather & Lace),Romance,89,English
B000ZBTYXS,B000ZBTYXS,A Christmas Marriage Ultimatum (Feature Anthology),Literature & Fiction,384,English
B000ZBTYYW,B000ZBTYYW,The Greek Billionaire's Baby Revenge: A Billionaire Romance (Red-Hot Revenge),Literature & Fiction,192,English
B000ZKNRPK,B000ZKNRPK,In a Reckless Moment [Brothers of the Absinthe Club 3] (Siren Publishing Classic),Erotica,114,English
B000ZLMDAE,B000ZLMDAE,Devil's Pact [The Devil's Playground] (Siren Publishing Menage Amour),Erotica,468,English
B0010CDZE0,B0010CDZE0,The Heart Will Lead You Home,Literature & Fiction,329,English
B0010LG77I,B0010LG77I,"John Carter?s Chronicles of Mars: A Princess of Mars, Gods Of Mars, Warlords of Mars, Thuvia, Maid of Mars, The Chessmen of Mar",Literature & Fiction,755,English
B0010YVSB0,B0010YVSB0,The American Heiress,Romance,206,English
B0010YXO6M,B0010YXO6M,Mail Order Husband,Literature & Fiction,248,English
B0010Z5RHK,B0010Z5RHK,The Wager (Lords Of Scandal Book 1),Romance,174,English
B0010ZGPB2,B0010ZGPB2,LONG CLAWS,"Mystery, Thriller & Suspense",279,English
B0011ECV42,B0011ECV42,"Peculiar, MO",Literature & Fiction,335,English
B0011TS2X6,B0011TS2X6,"Holy Bible, American Standard Version (ASV)",Religion & Spirituality,2076,English
B00124KDQY,B00124KDQY,Secret of the Scroll (Greg McKenzie Mysteries Book 1),Thrillers & Suspense,276,English
B0012W11BM,B0012W11BM,Court Appointed (Serving Love),Literature & Fiction,100,English
B0012W11D0,B0012W11D0,Hot Ticket (Serving Love),Literature & Fiction,98,English
B00134D6RQ,B00134D6RQ,Behind Closed Doors,Literature & Fiction,384,English
B0013N884S,B0013N884S,Wings in the Night Part 2: Twilight Hunger\Embrace the Twilight\Run From Twilight\Edge Of Twilight\Blue Twilight\Prince of Twilight,Romance,1524,English
B0013N88EI,B0013N88EI,The Mistress's Secret (Harlequin Mini #20),One hour (33-43 pages),43,English
B0013TPUX4,B0013TPUX4,A Risky Affair (Kimani Romance),Literature & Fiction,256,English
B0013TQVPK,B0013TQVPK,"Mastery in 7 Steps: Understanding Mastery, Success, and Mind (Personal Transformation series Book 5)",Religion & Spirituality,361,English
B00149M19E,B00149M19E,On The Edge: A short menage story in the On The Edge vampire series,Literature & Fiction,39,English
B0014BRMKA,B0014BRMKA,High Seas to High Society (Wellinghams Book 1),Romance,288,English
B0014JD6PC,B0014JD6PC,True Stories of Messages from Beyond,Religion & Spirituality,292,English
B0014YB7LM,B0014YB7LM,The May Carousel,Literature & Fiction,243,English
B0015SY0JI,B0015SY0JI,Missing Link,Science Fiction & Fantasy,30,English
B0015YEQ6O,B0015YEQ6O,Enjoying the Show (Wicked Warrens Book 1),Erotica,91,English
B0015YEQ6Y,B0015YEQ6Y,Unwrapped,Erotica,100,English
B0015YEQ8W,B0015YEQ8W,To Do List,Erotica,94,English
B0015YEQNM,B0015YEQNM,The Study Series Bundle: Poison Study\Assassin Study\Magic Study\Fire Study,Literature & Fiction,1241,English
B0015Z7VF6,B0015Z7VF6,Home for Christmas (The Perfect Gift),Literature & Fiction,291,English
B0015Z7VFQ,B0015Z7VFQ,Look What Santa Brought (The Perfect Gift),Literature & Fiction,291,English
B00164WE1W,B00164WE1W,Mistaken For A Mistress,Romance,46,English
B001684KWY,B001684KWY,The Letter Sweater,Literature & Fiction,264,English
B0016IXM8C,B0016IXM8C,Aphrodite's Brew (Tales of the Laughing God Book 1),Romance,264,English
B0016IXMDW,B0016IXMDW,Touching Lace (Vaughn),Erotica,91,English
B0016IXMF0,B0016IXMF0,Lawless,Erotica,137,English
B0016RR5KE,B0016RR5KE,The Sinking of the Titanic and Great Sea Disasters [Illustrated],History,217,English
B0017DPWO8,B0017DPWO8,Man of Steel (Cold Cases Book 1),Thrillers & Suspense,294,English
B0017HNV1U,B0017HNV1U,Babylonian Laws- The Oldest Code of Laws in the World,History,53,English
B0017I7XY0,B0017I7XY0,Unbroken Hearts (Easton Series Book 1),Romance,296,English
B00186Z0XW,B00186Z0XW,"Secret Baby, Convenient Wife (The Italian Husbands Book 30)",Literature & Fiction,192,English
B001892DFC,B001892DFC,Claiming Their Mate (Feral Attraction),Romance,110,English
B001892DG6,B001892DG6,Rachel's Totem (Cougar Falls Book 1),Romance,99,English
B001892DGG,B001892DGG,The Wallflower (Halle Puma Book 1),Romance,104,English
B001892DGQ,B001892DGQ,Tiger by the Tail (On the Prowl),Science Fiction & Fantasy,107,English
B001892DH0,B001892DH0,Treasure Hunting (Hunting Love),Romance,108,English
B001892DIO,B001892DIO,Out of Bounds (Love of Sports),Literature & Fiction,114,English
B001892DK2,B001892DK2,Killing Joe,Romance,102,English
B001892DX4,B001892DX4,Between a Ridge and a Hard Place,Erotica,71,English
B001892EI8,B001892EI8,The Billionaire's Baby (Harlequin Mini # 19),Romance,61,English
B0018GY5QU,B0018GY5QU,Siryn Song: Shape Shifter Series - Book 1,Science Fiction & Fantasy,328,English
B0018GYCRM,B0018GYCRM,MELDER: Shape Shifter Series - Book 2,Science Fiction & Fantasy,334,English
B0018ND83O,B0018ND83O,You Send Me,Romance,55,English
B0019F4UEW,B0019F4UEW,"Amplified Bible (AMP 1987, Without Translators' Notes)",Religion & Spirituality,3086,English
B0019ZDE2G,B0019ZDE2G,Doctrine and Covenants Made Easier Volume 2,Education & Teaching,421,English
B001A06VJ8,B001A06VJ8,The Old Testament Made Easier - Part 1,Religion & Spirituality,537,English
B001A4E2OA,B001A4E2OA,"Her Baby, His Proposal (Baby on Board)",Literature & Fiction,192,English
B001ACHADM,B001ACHADM,THE JYNX,Arts & Photography,214,English
B001AS6H7Q,B001AS6H7Q,Reason Enough,Literature & Fiction,45,English
B001AWYAZ8,B001AWYAZ8,"The Life of A Child Survivor from Bialystok, Poland",History,205,English
B001B4G89Q,B001B4G89Q,FORBIDDEN FRUIT,Literature & Fiction,42,English
B001BAJA9K,B001BAJA9K,Financial Times - US Edition,U.S.,0,English
B001BM2ZFO,B001BM2ZFO,High Country Bride (The McKaslin Clan Historical Book 3),Religion & Spirituality,288,English
B001BMKG8M,B001BMKG8M,Susan Mallery Bundle: Delicious\Irresistible\Sizzling (Buchanan Saga),Literature & Fiction,384,English
B001BRD238,B001BRD238,Secrets: a PsyCop Novel,Romance,152,English
B001BUPF62,B001BUPF62,The Complete Wizard of Oz Collection (All 15 books) (Illustrated),Literature & Fiction,2367,English
B001BXN5HA,B001BXN5HA,Vengeance: Book 1 - The Vendetta Trifecta,Literature & Fiction,370,English
B001BXNQ0Q,B001BXNQ0Q,The Pearl at the Gate,Literature & Fiction,60,English
B001BXNQ2O,B001BXNQ2O,Mistress to the Beast,Erotica,146,English
B001C8VA26,B001C8VA26,Omaha,"Mystery, Thriller & Suspense",448,English
B001CN45ZA,B001CN45ZA,Sweet Dreams (Halle Puma Book 2),Romance,93,English
B001CN47MG,B001CN47MG,The Boys Back Home,Erotica,82,English
B001CN47NA,B001CN47NA,The Mister Trophy (The Markhat Files Book 1),Science Fiction & Fantasy,59,English
B001CNR8HM,B001CNR8HM,Dead Man's Rain (The Markhat Files Book 2),Romance,76,English
B001CNR8HW,B001CNR8HW,Tasting Candy (The Vaughn Series),Erotica,111,English
B001D49LPW,B001D49LPW,The Marciano Love-Child (Bought for Her Baby),Literature & Fiction,192,English
B001D49LRU,B001D49LRU,"Millionaire Dad, Nanny Needed! (The Wedding Planners)",Literature & Fiction,192,English
B001D6468M,B001D6468M,"Bachelors of Bear Creek Bundle: Sexy, Single And Searching\Eager, Eligible And Alaskan\A Touch Of Silk\A Thrill To Remember (The Bachelors of Bear Creek)",Romance,949,English
B001D69R0O,B001D69R0O,Twilight in the Spaces Between,Thrillers & Suspense,222,English
B001DBEQC8,B001DBEQC8,Never Let Go,Literature & Fiction,111,English
B001DOHZ5A,B001DOHZ5A,Border Lair (Dragon Knights Book 2),Romance,248,English
B001DOHZ6O,B001DOHZ6O,Taking The Cake (The Strip Series),Erotica,83,English
B001E28M2Q,B001E28M2Q,The Italian's Stolen Bride (The Italian Husbands Book 13),Literature & Fiction,192,English
B001E4146U,B001E4146U,Double Exposure,Literature & Fiction,108,English
B001E9672G,B001E9672G,God Laughs When You Die: Mean Little Stories from the Wrong Side of the Tracks,Literature & Fiction,148,English
B001ECQK8O,B001ECQK8O,Sisypuss: Memoirs of a Vagabond Cat,Literature & Fiction,214,English
B001EOCFMM,B001EOCFMM,The Bakery Sisters Bundle: Sweet Talk\Sweet Spot\Sweet Trouble,Literature & Fiction,796,English
B001EWEB5I,B001EWEB5I,An Autobiography: The Story of My Experiments With Truth,Historical,272,English
B001F7AJHQ,B001F7AJHQ,Patent Mine (Hummingbird series Book 2),Science Fiction & Fantasy,371,English
B001FB5ST6,B001FB5ST6,"Dr. Thorndyke Mysteries Collection, Volume One",Literature & Fiction,855,English
B001FB5T4K,B001FB5T4K,"Dr. Thorndyke Mysteries Collection, Volume Two",Literature & Fiction,945,English
B001FB6COQ,B001FB6COQ,The Story of the Outlaw - A Study of the Western Desperado,Literature & Fiction,432,English
B001FOR93Q,B001FOR93Q,The Treasure of La Malinche Volume 1 (The Legacy of La Malinche),Literature & Fiction,700,English
B001G0ML00,B001G0ML00,In The Backwoods of Nowhere,History,230,English
B001GF6U4S,B001GF6U4S,The Millionaire's Nanny Arrangement (Baby on Board),Literature & Fiction,192,English
B001GIPJ2Y,B001GIPJ2Y,The Kindle 2 Cookbook: How To Do Everything the Manual Doesn't Tell You,Computers & Technology,47,English
B001GNCPWG,B001GNCPWG,A Weekend Visit,Literature & Fiction,166,English
B001GPOO64,B001GPOO64,My Lady Compelled (Archangels Book 1),Literature & Fiction,109,English
B001GS6ZJA,B001GS6ZJA,Time Crimes: The Paratime Collection (Five Paratime Novels in One Volume),Literature & Fiction,261,English
B001GS6ZPE,B001GS6ZPE,"Little Fuzzy, Space Viking and Other Terro-Human Future History Stories from H. Beam Piper (Twelve Terro-Human Future History Novels in One Volume)",Literature & Fiction,1229,English
B001GS7YZO,B001GS7YZO,On/Off - A Jekyll and Hyde Story,Literature & Fiction,333,English
B001H55R8M,B001H55R8M,Indian Moon: Love Isn't As Far Away As You Think (Real Romance...For the Rest of Us),Romance,199,English
B001HN5MO8,B001HN5MO8,Breaking Down,Literature & Fiction,38,English
B001HQHCBQ,B001HQHCBQ,Father Mine: Zsadist and Bella's Story: A Black Dagger Brotherhood Novella,Literature & Fiction,496,English
B001HZY846,B001HZY846,The Girlebooks Jane Austen Collection,Literature & Fiction,2084,English
B001IP0UIS,B001IP0UIS,Nice and Naughty (Three's Company),Romance,112,English
B001ISOPTA,B001ISOPTA,Fated (Cascadia Wolves Book 6),Erotica,131,English
B001J1S7GS,B001J1S7GS,Scions: Perception,Romance,52,English
B001J1S86W,B001J1S86W,The Unmasking of Lady Loveless,Romance,43,English
B001J4SYZO,B001J4SYZO,The Strength of Three,Erotica,104,English
B001J6OUZA,B001J6OUZA,Blurred Nights (Blurred Trilogy Book 1),Romance,184,English
B001KBZ3D2,B001KBZ3D2,"USA Today, Paid No-Ads Daily Edition",U.S.,0,English
B001KC6X7G,B001KC6X7G,One and Only,Romance,79,English
B001KC6X9E,B001KC6X9E,Head Over Heels: A Cinderella Story,Romance,116,English
B001L5T22U,B001L5T22U,All Of You (All for Love Book 1),Romance,71,English
B001LKLAPC,B001LKLAPC,A Charmed Death (A Bewitching Mystery),"Mystery, Thriller & Suspense",304,English
B001LWV4DS,B001LWV4DS,The Italian Billionaire's Secret Love-Child (The Italian's Bride),Literature & Fiction,192,English
B001NIZLZM,B001NIZLZM,Overrun,Science Fiction & Fantasy,310,English
B001O0EFBK,B001O0EFBK,TORN,Literature & Fiction,276,English
B001O2SCKI,B001O2SCKI,The New Yorker,Literary Magazines & Journals,0,English
B001O5CHQU,B001O5CHQU,"Saint Nicholas, the Christmas Story",Religion & Spirituality,273,English
B001P05XYC,B001P05XYC,Loving Lucas,Literature & Fiction,95,English
B001P5H8UY,B001P5H8UY,Moonlight Protector (Ashton Grove Werewolves Book 2),Romance,215,English
B001Q3KT1K,B001Q3KT1K,Judgment,Literature & Fiction,157,English
B001Q3LAAE,B001Q3LAAE,Pets: Bach's Story,Literature & Fiction,114,English
B001Q9EC3U,B001Q9EC3U,Daddy's Girl,Literature & Fiction,130,English
B001QIGZR2,B001QIGZR2,The Black Phone,Thrillers & Suspense,33,English
B001QIGZY0,B001QIGZY0,The Babysitter's Code,Literature & Fiction,20,English
B001QIGZZ4,B001QIGZZ4,My Father's Mask,Thrillers & Suspense,35,English
B001QOGLOS,B001QOGLOS,Wizard Girl (Wizards Trilogy Book 2),Children's eBooks,365,English
B001QOGLPC,B001QOGLPC,Wizards' End (Wizards Trilogy Book 3),Children's eBooks,282,English
B001QTXLQ4,B001QTXLQ4,Logic to the Rescue,Children's eBooks,216,English
B001R4GN6I,B001R4GN6I,Forged of Steele Bundle: Never Too Late\Solid Soul\Night Heat\Beyond Temptation\Risky Pleasures,Romance,744,English
B001RF3U9U,B001RF3U9U,The Cook's Illustrated How-to-Cook Library: An illustrated step-by-step guide to Foolproof Cooking,"Cookbooks, Food & Wine",2382,English
B001RV3OLS,B001RV3OLS,A Question of Trust (Three's Company),Erotica,104,English
B001SN83KM,B001SN83KM,"THE UPS GUY by Jackie Christian (strong romance, BDSM, threesomes, golden showers): UPS GUY: ROMANCE, cougar threesomes, alpha male, interracial",Literature & Fiction,163,English
B001T4YZ16,B001T4YZ16,The Rise and Fall of a Hustler,Literature & Fiction,354,English
B001TJ1O4W,B001TJ1O4W,Angels' Pawn: A Companion Novella to Angels' Blood: A Companion Novella to Angels# Blood (Guild Hunter),Literature & Fiction,57,English
B001TK41W8,B001TK41W8,From the Cell to the Cross,Biographies & Memoirs,292,English
B001TOCGNU,B001TOCGNU,LINCOLN'S LAST HOURS Illustrated,History,29,English
B001TUYV7S,B001TUYV7S,"Sex, Lies, and Videotape + First Chapter of Bound by Desire (Club Desire Book 2)",Literature & Fiction,7,English
B001U0Q17K,B001U0Q17K,Apocrypha [illustrated] [translated]: Lost books of the bible,Religion & Spirituality,439,English
B001U3YBEC,B001U3YBEC,Off the Grid: Book One (The Jamie Keller Mystery Series 1),Literature & Fiction,152,English
B001U891AQ,B001U891AQ,The Finding of Jasper Holt,Literature & Fiction,288,English
B001UE7D0K,B001UE7D0K,"Mind Maps: Quicker Notes, Better Memory, and Improved Learning 3.0",Education & Teaching,148,English
B001UFP4UU,B001UFP4UU,Through Black Spruce: A Novel,Literature & Fiction,380,English
B001UFP5PO,B001UFP5PO,Body Check,Literature & Fiction,224,English
B001UHMTRO,B001UHMTRO,"Kentucky Cowboy by Jan Scarbrough: Bluegrass Reunion Series, Book One",Literature & Fiction,198,English
B001ULBOTO,B001ULBOTO,Phoebe Deane,Literature & Fiction,238,English
B001UV3EUG,B001UV3EUG,Blind Malice (Rachel Myers Murder Mysteries Book 1),"Mystery, Thriller & Suspense",168,English
B001UV3FIC,B001UV3FIC,Three Degrees of Glory by Melvin J Ballard,Religion & Spirituality,44,English
B001V5JCTI,B001V5JCTI,For Sale in Palm Springs (Henry Wright Mystery Book 1),"Mystery, Thriller & Suspense",160,English
B001V5JDLU,B001V5JDLU,Springtime in Sonora (Henry Wright Mystery Book 2),"Mystery, Thriller & Suspense",168,English
B001V5JF54,B001V5JF54,Mystery on the Tramway (Henry Wright Mystery Book 3),"Mystery, Thriller & Suspense",164,English
B001V5JK9A,B001V5JK9A,Drama in the Mother Lode (Henry Wright Mystery Book 4),"Mystery, Thriller & Suspense",161,English
B001V5JX9C,B001V5JX9C,Coachella Valley Traffic Jam (Henry Wright Mystery Book 5),"Mystery, Thriller & Suspense",158,English
B001V7R694,B001V7R694,Indian Heroes and Great Chieftains [Illustrated],History,95,English
B001V9K7WU,B001V9K7WU,"Declination (Edge of Apocalypse Series, Book 2)",Literature & Fiction,190,English
B001V9KG4E,B001V9KG4E,Surviving the Fog,Literature & Fiction,335,English
B001VEHZ34,B001VEHZ34,Many Waters (The Stones of Song Book 2),Religion & Spirituality,296,English
B001VEHZRK,B001VEHZRK,Unclouded Day (The Stones of Song Book 1),Literature & Fiction,368,English
B001VEI1NC,B001VEI1NC,Borderline Case: Book 1 of the Borderline Series,Literature & Fiction,390,English
B001VH6NWU,B001VH6NWU,Reality Creation 101: Mastering Manifestation Through Awareness,Religion & Spirituality,286,English
B001VLXH7U,B001VLXH7U,Playing for Keeps,Erotica,109,English
B001VLXMB6,B001VLXMB6,The Lady Julia Grey Bundle: Silent in the Grave\Silent in the Sanctuary\Silent on the Moor,Literature & Fiction,1083,English
B001VLXME8,B001VLXME8,The Amazon's Curse (Atlantis Series Book 5),Romance,41,English
B001VLXML6,B001VLXML6,The Wild's Call (Aspect of Crow),Romance,63,English
B001VNCPJY,B001VNCPJY,Mortal Ghost,Teen & Young Adult,289,English
B001W6R7NO,B001W6R7NO,HALLOWED BE THY NAME (Omnibus Edition Including Hallowed Ground) (HBTN Book 1),Religion & Spirituality,280,English
B001WAJHS8,B001WAJHS8,Star Attraction,Romance,172,English
B001XURN06,B001XURN06,The Forsyte Saga Collection (The Forsyte Chronicles series Book 1),Literature & Fiction,941,English
B001YQF0OK,B001YQF0OK,Night Camp,Children's eBooks,168,English
B001YQF59K,B001YQF59K,MRS. BEAST (A Pamela Ditchoff Fairy Tale Book 1),Literature & Fiction,165,English
B001YQG4I6,B001YQG4I6,Tic Tac Toe,Humor & Entertainment,5953,English
B00200JXAG,B00200JXAG,Campaign For Love,Literature & Fiction,307,English
B00200LSWC,B00200LSWC,Life in a Tank,Biographies & Memoirs,166,English
B0020BUX0Y,B0020BUX0Y,The Lost Fleet: Relentless,Science Fiction & Fantasy,336,English
B0020HR7KW,B0020HR7KW,Parallax,Literature & Fiction,301,English
B0021L9YCG,B0021L9YCG,Love at First Stake (Love Bites Book 1),Romance,178,English
B0021L9YDK,B0021L9YDK,"Woman of Honor (Kingdom of Arnhem, Book 1)",Teen & Young Adult,237,English
B0022NGHXC,B0022NGHXC,The Psychokitty Speaks Out: Something of Yours Will Meet a Toothy Death,Humor,166,English
B0023B12TW,B0023B12TW,The Chocolate Gravy Queen,Teen & Young Adult,113,English
B0023EF9T8,B0023EF9T8,Out of Control (0-60),Literature & Fiction,224,English
B0023EF9YI,B0023EF9YI,The Unlacing of Miss Leigh,Romance,53,English
B0023EFATC,B0023EFATC,Edge of Craving (Primal Instinct),Romance,86,English
B0023RTBB2,B0023RTBB2,How to Find Your Soulmate,Religion & Spirituality,68,English
B0023W5ZQC,B0023W5ZQC,Face in the Creek (Four Corners' Mysteries Book 1),"Mystery, Thriller & Suspense",287,English
B0023W6HQE,B0023W6HQE,The Complete Charles Dickens Collection (51 books) [Illustrated],Literature & Fiction,0,English
B0023ZLM20,B0023ZLM20,The Sacrifice [Slave for Hire #1],Literature & Fiction,40,English
B0024CEY2C,B0024CEY2C,The Awakening: The Novella That Introduced the Leopard People (Leopard series Book 1),Romance,480,English
B0024FARCU,B0024FARCU,Presents for Sue Ellen,Literature & Fiction,60,English
B00260GOLG,B00260GOLG,The Model Husband (The Rakehell Regency Romance Series Book 14),Literature & Fiction,362,English
B00260GUI8,B00260GUI8,Overboard,Literature & Fiction,51,English
B00264H2VI,B00264H2VI,65 Proof - Jack Daniels and Other Thriller Stories,Literature & Fiction,610,English
B00267SO8A,B00267SO8A,The Found: La Llorona,Literature & Fiction,150,English
B0026OQYYO,B0026OQYYO,"Steel Beauty: Halle Pumas, Book 4",Romance,84,English
B0026P41AC,B0026P41AC,stealing innocence II: The Ravishment,Literature & Fiction,196,English
B0026REA88,B0026REA88,Our Man Friday,Literature & Fiction,216,English
B0026REA92,B0026REA92,Seducing Jane Porter,Romance,66,English
B0026RHM24,B0026RHM24,Stalker,"Mystery, Thriller & Suspense",364,English
B0026RHYTU,B0026RHYTU,Baby and All,Romance,104,English
B0026RHZI0,B0026RHZI0,The Love Machine: The Erobotica Series - Novella One,Literature & Fiction,22,English
B0026ZOJ18,B0026ZOJ18,The Christian Novel Collection (Four Books),Literature & Fiction,1332,English
B00273BHBO,B00273BHBO,"Bound By Blood: The Faustin Bros., Book 2 (Faustin Brothers)",Romance,111,English
B00273BHC8,B00273BHC8,Buckling Down: A Wild Ride story,Romance,79,English
B00273BHCS,B00273BHCS,"Strong, Silent Type: A Wild Ride story (Rough Riders series)",Literature & Fiction,102,English
B0027KRSYM,B0027KRSYM,"Hunting Down the Horseman (Whitehorse, Montana: The Corbetts series Book 2)",Literature & Fiction,224,English
B0027VSU9S,B0027VSU9S,The Economist - US Edition,Ideas & Commentary,0,English
B0028256HU,B0028256HU,Reinventing Jane Porter,Erotica,75,English
B0028AEAG0,B0028AEAG0,Translight (Galactic Alliance Book 1),Science Fiction & Fantasy,531,English
B0028K2T54,B0028K2T54,Wistril Compleat,Literature & Fiction,71,English
B0028OLE2E,B0028OLE2E,"The Other Woman (Dundee, Idaho Book 7)",Literature & Fiction,304,English
B0028PVGXK,B0028PVGXK,Wild Hearts (Lone Star Sisters),Romance,58,English
B0028TXRJW,B0028TXRJW,Her Dakota Men [Dakota Heat 1] (Siren Publishing Menage Amour),Erotica,62,English
B0028TXRVK,B0028TXRVK,Secret Desires [Tri-Omega Mates 1] (Siren Publishing Menage Amour Manlove),Literature & Fiction,107,English
B0028TXSIW,B0028TXSIW,Trouble Comes in Threes [Triple Trouble 1] (Siren Publishing Menage Amour) (Triple Trouble Series),Erotica,78,English
B0028TXSJ6,B0028TXSJ6,Dakota Ranch Crude [Dakota Heat 2] (Siren Publishing Menage Amour),Erotica,90,English
B0028TXSJQ,B0028TXSJQ,Hidden Desires [Tri-Omega Mates 3] (Siren Publishing Menage Amour Manlove),Literature & Fiction,115,English
B00292BSVC,B00292BSVC,Blue Ridge Parkway Plunge (Rachel Myers Murder Mysteries Book 2),"Mystery, Thriller & Suspense",114,English
B00295R188,B00295R188,Teleport This (Small Universe Book 1),Science Fiction & Fantasy,238,English
B0029LGJEO,B0029LGJEO,The Bradford Conspiracy,Literature & Fiction,253,English
B0029NYCGY,B0029NYCGY,INFERNO (New Perdition's Gate Omnibus Edition),Genre Fiction,420,English
B0029TG2Z2,B0029TG2Z2,Educating Jane Porter,Erotica,69,English
B0029U1A08,B0029U1A08,Kindle Nation Daily,Industry Focus,0,English
B0029ZAVG2,B0029ZAVG2,WRITE NOW! How To Write That Novel--Today,Reference,24,English
B0029ZBK5S,B0029ZBK5S,The Greatest Hits of Zane Grey (Six Books),Genre Fiction,1749,English
B002A4MICW,B002A4MICW,Cat of a Different Color (Halle Puma Book 3),Romance,90,English
B002A4MIDQ,B002A4MIDQ,"Very Much Alive: True Destiny, Book 1",Romance,149,English
B002A4MIEA,B002A4MIEA,Dream Machine (Play Doctor Book 1),Literature & Fiction,274,English
B002A7X2YM,B002A7X2YM,UNDERGROUND CAPTIVE,Literature & Fiction,397,English
B002AJ7X2C,B002AJ7X2C,Serial,Thrillers & Suspense,75,English
B002AJ8YXO,B002AJ8YXO,The Tryst,Literature & Fiction,350,English
B002AP9G6M,B002AP9G6M,Sky Hunters: Operation Southern Cross,Literature & Fiction,308,English
B002AQSPFY,B002AQSPFY,Complete Mark Twain Collection (300+ works) (Illustrated),Literature & Fiction,8430,English
B002ASASR0,B002ASASR0,McBain's Bride,Literature & Fiction,129,English
B002ASASUM,B002ASASUM,Moonlight Hero (Ashton Grove Werewolves Book 3),Romance,292,English
B002AVVGNW,B002AVVGNW,A Dance in the Dark,Romance,117,English
B002B9MGD2,B002B9MGD2,You Can Leave Your Hat On,Literature & Fiction,82,English
B002B9MGIM,B002B9MGIM,Star Wars: Lost Tribe of the Sith #1: Precipice,Science Fiction & Fantasy,35,English
B002B9MH40,B002B9MH40,The Wicked West (Tumble Creek),Literature & Fiction,70,English
B002B9MH7C,B002B9MH7C,Waiting for Baby (Baby To Be),Literature & Fiction,224,English
B002BDT64A,B002BDT64A,The Zombie Chronicles: Outbreak,Genre Fiction,287,English
B002BDT6UO,B002BDT6UO,In the Trenches,Genre Fiction,5,English
B002BH4N2Q,B002BH4N2Q,Slave Narratives Arkansas Vol 4 (Arkansas Slave Narratives),History,194,English
B002BH4RT0,B002BH4RT0,BIOGRAPHY AND FAMILY RECORD OF LORENZO SNOW,Biographies & Memoirs,612,English
B002BNL3EQ,B002BNL3EQ,"Cuba Blue: Murder, Mayhem & Romance","Mystery, Thriller & Suspense",278,English
B002BNL7YC,B002BNL7YC,Under a Viking Moon (Mists of Time Book 1),Historical,245,English
B002BSH5YI,B002BSH5YI,Perfect Crimes,Literature & Fiction,201,English
B002BWPDYS,B002BWPDYS,Boomerang,Literature & Fiction,271,English
B002BXH62E,B002BXH62E,Love Script,Romance,198,English
B002BY77OA,B002BY77OA,Forbidden Desires [Tri-Omega Mates 2] (Siren Publishing Menage Amour Manlove),Literature & Fiction,117,English
B002C04RZ0,B002C04RZ0,Mail Order Bride for Two [Badlands 1] (Siren Publishing Menage Amour),Erotica,80,English
B002C04RZU,B002C04RZU,Can't Say No [The Improper Ladies 3] (Siren Publishing Classic),Romance,128,English
B002C7Z4P0,B002C7Z4P0,Manhunting in Mississippi: Wrapped and Ready (National Consumer Promotion),Literature & Fiction,320,English
B002CMLEVI,B002CMLEVI,A World Within (Wielder Saga Book 1),Literature & Fiction,274,English
B002CQ28KU,B002CQ28KU,In Plain Sight (Cougar Falls Book 2),Erotica,87,English
B002CQTXUS,B002CQTXUS,An Autobiography of Buffalo Bill (Colonel W.F. Cody) - Illustrated,History,110,English
B002CZQ7XK,B002CZQ7XK,Touch Me in the Dark: A Romance Mystery,Mystery,252,English
B002D48L3E,B002D48L3E,The Good Die Twice (Chase Dagger Series Book 1),Mystery,392,English
B002D48NBO,B002D48NBO,Classmate Murders (Jim Richards Murder Novels Book 1),"Mystery, Thriller & Suspense",221,English
B002D48NCI,B002D48NCI,Vegas Showgirl Murders (Jim Richards Murder Novels Book 2),Literature & Fiction,239,English
B002DGSKVK,B002DGSKVK,The Hall of the Wood,Science Fiction & Fantasy,329,English
B002DGSWIG,B002DGSWIG,"Undead Advantage, A Zombie Chronicles Novel (The Zombie Chronicles)",Genre Fiction,238,English
B002DMKUDK,B002DMKUDK,PRISONER 392,Literature & Fiction,27,English
B002DML10G,B002DML10G,Dreamer: A Novel Of the Silent Empire,Literature & Fiction,538,English
B002DOSBO8,B002DOSBO8,Kiss and Kin: A Sexy Shifter story (Werewolves in Love Series Book 1),Erotica,88,English
B002DOSBOI,B002DOSBOI,"Serengeti Heat: Serengeti Shifters, Book 1 (Shifting Dreams)",Erotica,73,English
B002DOSBOS,B002DOSBOS,Str8te Boys,Literature & Fiction,81,English
B002DPUTQA,B002DPUTQA,To Find and to Keep (Keeping You Book 1),Literature & Fiction,126,English
B002DR329O,B002DR329O,Maud's House: A Novel,Literature & Fiction,200,English
B002DR45P4,B002DR45P4,City of Rogues: Book I of The Kobalos Trilogy (Kron Darkbow 1),Genre Fiction,334,English
B002DUCRI8,B002DUCRI8,A Skeleton in the Closet (Kate Lawrence Mysteries Book 3),"Mystery, Thriller & Suspense",236,English
B002DYJ7DM,B002DYJ7DM,The Space Between,"Mystery, Thriller & Suspense",232,English
B002E19KU4,B002E19KU4,The Definitive H.P. Lovecraft: 67 Tales of Horror in One Volume (Halcyon Classics),Literature & Fiction,1449,English
B002EAYQ9A,B002EAYQ9A,Kill The Story,Literature & Fiction,418,English
B002EVPMIS,B002EVPMIS,1001 Steamy Nights-Positively Despotic,Literature & Fiction,120,English
B002EZZJSM,B002EZZJSM,Cat's Paw,"Mystery, Thriller & Suspense",200,English
B002F0826C,B002F0826C,Hold the Dark (The Markhat Files Book 3),Romance,208,English
B002F082M6,B002F082M6,A Wicked Liaison (The Radwells Book 3),Romance,288,English
B002F3PPVE,B002F3PPVE,My Soul to Lose (Soul Screamers),Science Fiction & Fantasy,63,English
B002FDLOCI,B002FDLOCI,The Blue Mustang,Literature & Fiction,289,English
B002FK3U0A,B002FK3U0A,Inferno (Tales of the Were Book 2),Romance,274,English
B002FL4UTE,B002FL4UTE,F. Scott Fitzgerald Collection,Literature & Fiction,981,English
B002FQOI9Q,B002FQOI9Q,This is Not a Love Story,Literature & Fiction,19,English
B002FU6LYC,B002FU6LYC,The Last Bookstore In America,Literature & Fiction,271,English
B002G1YGTC,B002G1YGTC,A Midcoast Murder (A Jesse Ashworth Mystery Book 1),Literature & Fiction,272,English
B002G1ZTCU,B002G1ZTCU,Madness (The Rakehell Regency Romance Series Book 16),Literature & Fiction,416,English
B002G1ZUI8,B002G1ZUI8,The Mountain Man,Literature & Fiction,119,English
B002G1ZXQ2,B002G1ZXQ2,A Turn of Curses,Fantasy,68,English
B002G1ZY4S,B002G1ZY4S,The Bulldog Drummond Chronicles (Illustrated),Literature & Fiction,387,English
B002G99RRK,B002G99RRK,Truck Stop - A Psycho Thriller (Lucy's Prequel to Serial),"Mystery, Thriller & Suspense",55,English
B002G9UFCQ,B002G9UFCQ,The Secret of Castlegate Manor,Romance,193,English
B002GEDDY8,B002GEDDY8,The Heat of the Knight,Romance,110,English
B002GEDDYI,B002GEDDYI,"The Ghost Shrink, the Accidental Gigolo, & the Poltergeist Accountant (Tickle My Fantasy / Karmic Consultants)",Romance,76,English
B002GEDE2E,B002GEDE2E,Howling for My Baby (Cannon Pack),Romance,266,English
B002GEDE3I,B002GEDE3I,Mistress Christmas (Wild West Boys Book 1),Literature & Fiction,124,English
B002GEDETW,B002GEDETW,Theirs to Capture,Literature & Fiction,69,English
B002GEDEX8,B002GEDEX8,Called by Blood (Faustin Brothers),Erotica,129,English
B002GEDEXI,B002GEDEXI,Tempt Me Twice,Erotica,44,English
B002GEDF14,B002GEDF14,Always,Romance,109,English
B002GEDF1E,B002GEDF1E,Private Property (Hauberk Protection),Erotica,93,English
B002GEX2Q2,B002GEX2Q2,Amber Eyes (Wild Book 1),Erotica,149,English
B002GJRZOM,B002GJRZOM,The Bedroom Business,Literature & Fiction,192,English
B002GKAQUG,B002GKAQUG,An Artful Deception,Romance,227,English
B002GYVWAK,B002GYVWAK,The Collected Works of Jules Verne: 36 Novels and Short Stories (Unexpurgated Edition) (Halcyon Classics),Literature & Fiction,4657,English
B002GYWK9M,B002GYWK9M,Body Language,Comics & Graphic Novels,0,English
B002H9VXQ2,B002H9VXQ2,The Bell Witch Hauntings (An Authenticated History of the Famous Bell Witch: A True Story),Genre Fiction,190,English
B002HE1GS2,B002HE1GS2,Bound by Love,Literature & Fiction,105,English
B002HEX4DC,B002HEX4DC,Survivin' Tha Game,Literature & Fiction,342,English
B002HHPV1C,B002HHPV1C,Carolina Wolf (Tickle My Fantasy),Romance,79,English
B002HJ1WYA,B002HJ1WYA,Boardroom Baby Surprise (Baby on Board),Literature & Fiction,192,English
B002HJ1XCG,B002HJ1XCG,Dakota Child,Religion & Spirituality,288,English
B002HJV3VW,B002HJV3VW,Not in Kansas,Literature & Fiction,65,English
B002HJV44S,B002HJV44S,Mexican Heat (Crimes & Cocktails series Book 1),Romance,242,English
B002HJV45C,B002HJV45C,High Line (Love of Sports),Literature & Fiction,167,English
B002HJV4BG,B002HJV4BG,Object of His Desire,Literature & Fiction,67,English
B002HJV4DE,B002HJV4DE,Saddled,Erotica,82,English
B002HMDU9M,B002HMDU9M,Twenty-Somewhere,Literature & Fiction,209,English
B002HRF7WK,B002HRF7WK,How to Write a Great Query Letter: Insider Tips and Techniques for Success,"Writing, Research & Publishing Guides",339,English
B002HUU0A6,B002HUU0A6,The Breed Next Door: A Novella of the Breeds: A Penguin eSpecial from Berkley Sensation,Genre Fiction,352,English
B002HWSQS2,B002HWSQS2,Spinetinglers Anthology 2008,Genre Fiction,290,English
B002I1XQ1Y,B002I1XQ1Y,Dare to Believe (The Gray Court Book 1),Literature & Fiction,202,English
B002IKKMAS,B002IKKMAS,Two Plus One (Hot for Teacher),Romance,68,English
B002IT5SIA,B002IT5SIA,Untamed Hearts (Easton Series Book 3),Romance,156,English
B002IVVADU,B002IVVADU,Christmas Tree Wars (Rachel Myers Murder Mysteries Book 3),"Mystery, Thriller & Suspense",114,English
B002IYFFHY,B002IYFFHY,Down the Memory Hole,Literature & Fiction,110,English
B002J4TUX8,B002J4TUX8,Rising Tides,Romance,206,English
B002J9HMQA,B002J9HMQA,The Finding: The Legend of Oescienne (Book One),Children's eBooks,508,English
B002JCSFSQ,B002JCSFSQ,The Birth of the Peacekeepers.,Literature & Fiction,347,English
B002JM0ED0,B002JM0ED0,"The Peacekeepers, Liberty or Death. Book 3.",Literature & Fiction,298,English
B002JM1DGM,B002JM1DGM,"The Peacekeepers, Descent into Madness. Book 5.",Literature & Fiction,232,English
B002KFD0XC,B002KFD0XC,"Lover Enslaved: Thieves of Aurion, Book 1",Romance,282,English
B002KMJHYG,B002KMJHYG,The Works of Andre Norton (12 books),Literature & Fiction,2111,English
B002KW448U,B002KW448U,Catch an Honest Thief (A Haven Mystery Book 1),"Mystery, Thriller & Suspense",221,English
B002L3RUFC,B002L3RUFC,Dealing with Denver (The Barbourville Series Book 3),Romance,188,English
B002LE7FUG,B002LE7FUG,Erotic Tales - Lesbian Encounters,Literature & Fiction,48,English
B002LLCI42,B002LLCI42,"No Surrender: The Devlin Group, Book 3",Romance,202,English
B002LZNBHG,B002LZNBHG,Gena Showalter's Atlantis Series Bundle,Literature & Fiction,1182,English
B002LZTEW2,B002LZTEW2,Steal Me,Literature & Fiction,79,English
B002LZTUTY,B002LZTUTY,Judgment (The Jury Series Book 1),"Mystery, Thriller & Suspense",179,English
B002M3I34I,B002M3I34I,Chronicles of the Elantra Bundle (Cast in Shadow / Cast in Courtlight / Cast in Secret),Literature & Fiction,1170,English
B002NKLNE2,B002NKLNE2,Christmas Village Miracle,Religion & Spirituality,206,English
B002NLKWZM,B002NLKWZM,Merriam-Webster's English-Spanish Translation Dictionary,Reference,1,English
B002NOGDKW,B002NOGDKW,Tabloid Star,Literature & Fiction,147,English
B002NOGDL6,B002NOGDL6,His Convenient Husband (Innamorati Book 1),Literature & Fiction,94,English
B002NOGE2Y,B002NOGE2Y,"Gone With The Monster: Monsters in Hollywood, Book 3",Literature & Fiction,234,English
B002NOGFAU,B002NOGFAU,Meeting Your Goliath (Timeless talks),Christian Books & Bibles,10,English
B002NU5JRY,B002NU5JRY,The Knife's Edge (Historical Fantasy Romance--Short Story),Romance,42,English
B002NU5SJI,B002NU5SJI,I Love My Kindle,Arts & Entertainment,0,German
B002O3W54K,B002O3W54K,Death Is No Bargain (Emerson Ward Mystery Book 5),"Mystery, Thriller & Suspense",368,English
B002OHD252,B002OHD252,"Sweet Dream, Silver Screen",Literature & Fiction,39,English
B002OL1XKY,B002OL1XKY,The Secret Portrait (A Jean Fairbairn/Alasdair Cameron mystery Book 1),Genre Fiction,398,English
B002OL2AQ0,B002OL2AQ0,Escaping A Royal Wedding (Royal Cordova Trilogy Book 1),Literature & Fiction,181,English
B002OL2AY2,B002OL2AY2,The Man's Outrageous Demands (Royal Cordova Trilogy Book 2),Literature & Fiction,208,English
B002OSXLM0,B002OSXLM0,Digital Photography Basics: A Beginner's Guide to Getting Great Digital Photos,Photography & Video,101,English
B002OSXNJ6,B002OSXNJ6,Discovery - A Far Out Romance,Romance,260,English
B002P8MQ0W,B002P8MQ0W,The Order of the Four Sons: Book I,Science Fiction & Fantasy,456,English
B002P8MV2U,B002P8MV2U,LDS Hymns and Children's Songbook,Music,877,English
B002P8MV98,B002P8MV98,LDS - The Family: A Proclamation to the World,Religion & Spirituality,4,English
B002PHMLKI,B002PHMLKI,Pitcher Perfect (1),Literature & Fiction,242,English
B002QGUCXQ,B002QGUCXQ,Keller in Dallas,Thrillers & Suspense,43,English
B002QHWOEU,B002QHWOEU,"A Hardboiled Murder: An Aggie Underhill Mystery (A quirky, comical adventure): An Aggie Underhill Mystery",Literature & Fiction,268,English
B002QX43T8,B002QX43T8,The Demetrios Virgin,Literature & Fiction,192,English
B002R0FRKE,B002R0FRKE,Mr. Smoke,Literature & Fiction,438,English
B002R2OF8M,B002R2OF8M,Pink Buttercream Frosting,Erotica,74,English
B002R2OFAK,B002R2OFAK,"The Seeking Kiss, (The Midnight Playground Book 1)",Literature & Fiction,64,English
B002RHP4N2,B002RHP4N2,Sleepwalker: The Last Sandman,Literature & Fiction,328,English
B002RHP5TK,B002RHP5TK,Revolution (The Phoenix Rebellion Book 1),Romance,240,English
B002RI9432,B002RI9432,Allen Carr's Easy Way to Stop Smoking: Be a Happy Non-smoker for the Rest of Your Life (Allen Carrs Easy Way),"Health, Fitness & Dieting",218,English
B002RI9R16,B002RI9R16,Helpless: The true story of a neglected girl betrayed and exploited by the neighbour she trusted,"Health, Fitness & Dieting",307,English
B002RKRMSY,B002RKRMSY,A Journey to the Centre of the Earth,Science Fiction,146,English
B002RKSBGG,B002RKSBGG,"Traditions of the North American Indians, Vol. 1 (of 3)",Social Sciences,168,English
B002RKSEHW,B002RKSEHW,"The Works of Edgar Allan Poe, The Raven Edition Table Of Contents And Index Of The Five Volumes",Classics,28,English
B002RKSZJO,B002RKSZJO,Twenty Thousand Leagues under the Sea,Action & Adventure,214,English
B002RUA56A,B002RUA56A,Secrets,Literature & Fiction,498,English
B002SB8RN6,B002SB8RN6,Peak Erectile Strength Diet: A Plant-Based Approach,"Health, Fitness & Dieting",89,English
B002SB9ZNM,B002SB9ZNM,Jane Butel's Best of Mexican Regional Recipes,"Cookbooks, Food & Wine",64,English
B002SB9ZPA,B002SB9ZPA,Alvarado Gold,Romance,157,English
B002SN9HA6,B002SN9HA6,Budding Magic (The O'Byrne Daughters Book 1),Literature & Fiction,296,English
B002SVQCM4,B002SVQCM4,Chasing Shadows,Religion & Spirituality,224,English
B002SVQD0A,B002SVQD0A,Emergency: Wife Lost and Found,Literature & Fiction,288,English
B002T44IEE,B002T44IEE,FORTY YEARS LATER (David Grossman Series Book 1),Arts & Photography,225,English
B002T44IKI,B002T44IKI,Competition Can Be Murder: A Girl and Her Dog Cozy Mystery (Charlie Parker Mystery Book 8),"Mystery, Thriller & Suspense",326,English
B002T45V90,B002T45V90,The Second American Civil War,Genre Fiction,95,English
B002T45W2G,B002T45W2G,Balloons Can Be Murder: A Girl and Her Dog Cozy Mystery (Charlie Parker Mystery Book 9),Literature & Fiction,280,English
B002T45W30,B002T45W30,Blue Ruin 1: Some Kind of Stranger,Literature & Fiction,120,English
B002TG4MIY,B002TG4MIY,Love's Not Terrifying,Literature & Fiction,228,English
B002TG4MRK,B002TG4MRK,"Pray for Us Sinners, a Cozy Mystery (A Ronnie Lord Mystery, #2) (The Ronnie Lord Mysteries)","Mystery, Thriller & Suspense",244,English
B002TG4O50,B002TG4O50,Hell Cop,Literature & Fiction,381,English
B002TG4P22,B002TG4P22,Criss Cross (PsyCop Book 2),Literature & Fiction,162,English
B002TG4P36,B002TG4P36,The Sheik's Love Child,Literature & Fiction,146,English
B002TG4P8G,B002TG4P8G,Body & Soul (PsyCop Book 3),Genre Fiction,125,English
B002TLTMH0,B002TLTMH0,The Sheik's Sensuous Trap,Literature & Fiction,180,English
B002TLTMPM,B002TLTMPM,The Greek's Baby Bargain,Literature & Fiction,155,English
B002TSAORU,B002TSAORU,Coombe's Wood,Science Fiction & Fantasy,210,English
B002TSAQBO,B002TSAQBO,Children of Salem: Love Amid the Witch Trials,Literature & Fiction,246,English
B002U0KXAK,B002U0KXAK,Dreaming in Color,Literature & Fiction,348,English
B002UD5PK0,B002UD5PK0,His Brother's Keeper,Literature & Fiction,288,English
B002UKOLFS,B002UKOLFS,Everyday Dad,Humor & Entertainment,136,English
B002UKOWM0,B002UKOWM0,Alaska Virgin Air,Literature & Fiction,306,English
B002UUT3VK,B002UUT3VK,Turning Back The Clock,Literature & Fiction,251,English
B002V09184,B002V09184,Under the Eagle (Eagles of the Empire 1): Cato & Macro: Book 1,Genre Fiction,260,English
B002VECTGG,B002VECTGG,SEASONS,Literature & Fiction,352,English
B002VFPS9A,B002VFPS9A,"Only In My Dreams: Halle Pumas Series, Book 5",Romance,91,English
B002VFPSCM,B002VFPSCM,"Cadaver Client, The (The Markhat Files Book 4)",Romance,79,English
B002VFPSD6,B002VFPSD6,The Dickens with Love,Literature & Fiction,100,English
B002VFPSFE,B002VFPSFE,"Winter Solstice: Celestial Seductions, Book 1",Literature & Fiction,60,English
B002VWKROE,B002VWKROE,"CHARACTER WITNESS (legal thriller, mystery)",Thrillers & Suspense,304,English
B002VWLMDO,B002VWLMDO,Free Kindle Books and Tips,Arts & Entertainment,0,English
B002W83DW0,B002W83DW0,Alpha Turned,Romance,214,English
B002WEPF02,B002WEPF02,The Accidental Countess,Romance,288,English
B002WYJFU8,B002WYJFU8,Freak City (Dragon City (Book Two of Four) 2),Literature & Fiction,142,English
B002XOTPXE,B002XOTPXE,Going All In (Three of a Kind Book 1),Erotica,82,English
B002XOTPZW,B002XOTPZW,The Bite of Silence (Biting Love Book 3),Erotica,83,English
B002Y26QWS,B002Y26QWS,Squatter With a Lexus,Literature & Fiction,114,English
B002Y5WVOW,B002Y5WVOW,The Chupacabra: A novella,Literature & Fiction,94,English
B002YK44YW,B002YK44YW,The Gift of Fury (The Count Albritton Series),Literature & Fiction,198,English
B002YQ2JEI,B002YQ2JEI,The Son of Man (The Son of Man series Book 1),Religion & Spirituality,459,English
B002YQ2K3S,B002YQ2K3S,Enoch's Devil,Literature & Fiction,10,English
B002YX0NX0,B002YX0NX0,The Chosen Soul,Romance,235,English
B002Z13UO0,B002Z13UO0,The Guardians: Book One of the Restoration Series,Science Fiction & Fantasy,321,English
B002ZFGJVC,B002ZFGJVC,My Christmas Wish,Romance,58,English
B002ZG96I4,B002ZG96I4,Snapdragon Alley (Dragon City (Book One of Four) 1),Children's eBooks,80,English
B002ZNJVNW,B002ZNJVNW,Macedonia,Literature & Fiction,111,English
B002ZVPSH2,B002ZVPSH2,"Anna, Wake Up",Family Relationships,22,English
B002ZVPTA8,B002ZVPTA8,Sherlock Holmes and Count Dracula: The Adventure of the Solitary Grave: The Supernatural Casefiles of Sherlock Holmes,Mystery,56,English
B00305CY7O,B00305CY7O,All Lycan's Eve,Romance,67,English
B00309SCUS,B00309SCUS,Kate's Crew (Powertools Book 1),Erotica,51,English
B00309SCVW,B00309SCVW,Undercover Lover (Take Me Lover),Literature & Fiction,45,English
B0030CMJD6,B0030CMJD6,Caleb's Woman,Romance,112,English
B0030CMJTU,B0030CMJTU,Christmas Cash: 1 (Raising Cain),Romance,49,English
B0030CMJXQ,B0030CMJXQ,Come To Me Freely,Romance,228,English
B0030CML5M,B0030CML5M,Carnal Harvest,Romance,66,English
B0030CMLYS,B0030CMLYS,Breaking the Silence,Romance,234,English
B0030CMM4W,B0030CMM4W,Bought and Paid For,Romance,172,English
B0030EFXP0,B0030EFXP0,Just for You,Literature & Fiction,154,English
B0030F2S1Q,B0030F2S1Q,Double Entry,Romance,53,English
B0030F2SAC,B0030F2SAC,"Doing Thyme (Alien Affairs, Book One)",Two hours or more (65-100 pages),68,English
B0030F2STI,B0030F2STI,"Double Dare (Naughty Games, Book Three)",Romance,124,English
